DROP TABLE IF EXISTS MEMBER_AWARDS;
DROP TABLE IF EXISTS MEMBERS_BADGES;
DROP TABLE IF EXISTS MEETING_SCOUT;
DROP TABLE IF EXISTS SCOUT_PARENT;
DROP TABLE IF EXISTS COUNSELOR_BADGE;
DROP TABLE IF EXISTS MERITBADGE_COUNSELOR;
DROP TABLE IF EXISTS ADULT_VOLUNTEERS;
DROP TABLE IF EXISTS PARENTS;
DROP TABLE IF EXISTS PATROL;
DROP TABLE IF EXISTS MEETING;
DROP TABLE IF EXISTS BADGES;
DROP TABLE IF EXISTS AWARDS;
DROP TABLE IF EXISTS SCOUTS;

CREATE TABLE SCOUTS (
    SCOUTID INT IDENTITY(1,1),
    FIRSTNAME VARCHAR(25),
    LASTNAME VARCHAR(25),
    SCOUT_RANK VARCHAR(25),
    SCOUT_BIRTHDAY DATE,
    PRIMARY KEY (SCOUTID)
);

SET IDENTITY_INSERT SCOUTS ON
INSERT INTO SCOUTS (SCOUTID, FIRSTNAME, LASTNAME, SCOUT_RANK, SCOUT_BIRTHDAY) VALUES ('1', 'Margaret', 'Dawson', 'Scout', '03-15-2006');
INSERT INTO SCOUTS (SCOUTID, FIRSTNAME, LASTNAME, SCOUT_RANK, SCOUT_BIRTHDAY) VALUES ('2', 'Grey', 'Smith', 'First Class', '04-18-2007');
INSERT INTO SCOUTS (SCOUTID, FIRSTNAME, LASTNAME, SCOUT_RANK, SCOUT_BIRTHDAY) VALUES ('3', 'Gregory', 'Howler', 'Life', '08-20-2006');
INSERT INTO SCOUTS (SCOUTID, FIRSTNAME, LASTNAME, SCOUT_RANK, SCOUT_BIRTHDAY) VALUES ('4', 'Jonathan', 'Daiquri', 'Tenderfoot', '08-20-2010');
INSERT INTO SCOUTS (SCOUTID, FIRSTNAME, LASTNAME, SCOUT_RANK, SCOUT_BIRTHDAY) VALUES ('5', 'Lou', 'Willis', 'Eagle', '05-01-2006');
INSERT INTO SCOUTS (SCOUTID, FIRSTNAME, LASTNAME, SCOUT_RANK, SCOUT_BIRTHDAY) VALUES ('6', 'Mason', 'Park', 'Second Class', '09-23-2008');
INSERT INTO SCOUTS (SCOUTID, FIRSTNAME, LASTNAME, SCOUT_RANK, SCOUT_BIRTHDAY) VALUES ('7', 'Amelia', 'Durnst', 'Star', '10-21-2009');
INSERT INTO SCOUTS (SCOUTID, FIRSTNAME, LASTNAME, SCOUT_RANK, SCOUT_BIRTHDAY) VALUES ('8', 'Sarah', 'Becker', 'Life', '03-06-2011');
INSERT INTO SCOUTS (SCOUTID, FIRSTNAME, LASTNAME, SCOUT_RANK, SCOUT_BIRTHDAY) VALUES ('9', 'Jennifer', 'Castillo', 'First Class', '02-28-2006');
INSERT INTO SCOUTS (SCOUTID, FIRSTNAME, LASTNAME, SCOUT_RANK, SCOUT_BIRTHDAY) VALUES ('10', 'Marshall', 'Brown', 'Life', '08-20-2005');
SET IDENTITY_INSERT SCOUTS OFF

CREATE TABLE MEETING (
	MEETINGID	INT IDENTITY(1,1),
	SCOUTID		INT,
	MEETINGDATE	DATETIME,
	PRIMARY KEY(MEETINGID),
	FOREIGN KEY(SCOUTID) REFERENCES SCOUTS(SCOUTID)
);


SET IDENTITY_INSERT MEETING ON
INSERT INTO MEETING (MEETINGID, SCOUTID, MEETINGDATE) VALUES('1', '2', '2024-1-2');
INSERT INTO MEETING (MEETINGID, SCOUTID, MEETINGDATE) VALUES('2', '3', '2024-2-2');
INSERT INTO MEETING (MEETINGID, SCOUTID, MEETINGDATE) VALUES('3', '4', '2024-3-2');
INSERT INTO MEETING (MEETINGID, SCOUTID, MEETINGDATE) VALUES('4', '5', '2024-4-2');
INSERT INTO MEETING (MEETINGID, SCOUTID, MEETINGDATE) VALUES('5', '6', '2024-5-2');
INSERT INTO MEETING (MEETINGID, SCOUTID, MEETINGDATE) VALUES('6', '8', '2024-6-2');
INSERT INTO MEETING (MEETINGID, SCOUTID, MEETINGDATE) VALUES('7', '8', '2024-7-2');
INSERT INTO MEETING (MEETINGID, SCOUTID, MEETINGDATE) VALUES('8', '9', '2024-8-2');
INSERT INTO MEETING (MEETINGID, SCOUTID, MEETINGDATE) VALUES('9', '10', '2024-9-2');
INSERT INTO MEETING (MEETINGID, SCOUTID, MEETINGDATE) VALUES('10', '9', '2024-10-2');
INSERT INTO MEETING (MEETINGID, SCOUTID, MEETINGDATE) VALUES('11', '8', '2024-11-2');
INSERT INTO MEETING (MEETINGID, SCOUTID, MEETINGDATE) VALUES('12', '10', '2024-12-2');
SET IDENTITY_INSERT MEETING OFF


CREATE TABLE MEETING_SCOUT (
	MEETINGID	INT IDENTITY(1,1),
	SCOUTID		INT,
	ATTENDANCE	BIT,
	PRIMARY KEY(MEETINGID, SCOUTID),
	FOREIGN KEY(MEETINGID) REFERENCES MEETING(MEETINGID),
	FOREIGN KEY(SCOUTID) REFERENCES SCOUTS(SCOUTID)
);

SET IDENTITY_INSERT MEETING_SCOUT ON
INSERT INTO MEETING_SCOUT (MEETINGID, SCOUTID, ATTENDANCE) VALUES('1', '1', 1);
INSERT INTO MEETING_SCOUT (MEETINGID, SCOUTID, ATTENDANCE) VALUES('2', '2', 1);
INSERT INTO MEETING_SCOUT (MEETINGID, SCOUTID, ATTENDANCE) VALUES('3', '3', 0);
INSERT INTO MEETING_SCOUT (MEETINGID, SCOUTID, ATTENDANCE) VALUES('4', '4', 1);
INSERT INTO MEETING_SCOUT (MEETINGID, SCOUTID, ATTENDANCE) VALUES('5', '5', 1);
INSERT INTO MEETING_SCOUT (MEETINGID, SCOUTID, ATTENDANCE) VALUES('6', '6', 0);
INSERT INTO MEETING_SCOUT (MEETINGID, SCOUTID, ATTENDANCE) VALUES('7', '7', 1);
INSERT INTO MEETING_SCOUT (MEETINGID, SCOUTID, ATTENDANCE) VALUES('8', '8', 0);
INSERT INTO MEETING_SCOUT (MEETINGID, SCOUTID, ATTENDANCE) VALUES('9', '9', 1);
INSERT INTO MEETING_SCOUT (MEETINGID, SCOUTID, ATTENDANCE) VALUES('10', '10', 1);
INSERT INTO MEETING_SCOUT (MEETINGID, SCOUTID, ATTENDANCE) VALUES('11', '1', 1);
INSERT INTO MEETING_SCOUT (MEETINGID, SCOUTID, ATTENDANCE) VALUES('12', '2', 0);
SET IDENTITY_INSERT MEETING_SCOUT OFF

CREATE TABLE PATROL (
	PATROLID	INT IDENTITY(1,1),
	SCOUTID		INT,
	PAT_LEADER	VARCHAR(25),
	ASSIST_LEADER	VARCHAR(25),
	PATROLNAME	VARCHAR(25),
	PRIMARY KEY(PATROLID),
	FOREIGN KEY(SCOUTID) REFERENCES SCOUTS(SCOUTID)
);

SET IDENTITY_INSERT PATROL ON
INSERT INTO PATROL (PATROLID, SCOUTID, PAT_LEADER, ASSIST_LEADER, PATROLNAME) VALUES('1', '1', 'Grey', 'Gregory', 'The Mandalorians');
INSERT INTO PATROL (PATROLID, SCOUTID, PAT_LEADER, ASSIST_LEADER, PATROLNAME) VALUES('2', '2', 'Grey', 'Gregory', 'The Mandalorians');
INSERT INTO PATROL (PATROLID, SCOUTID, PAT_LEADER, ASSIST_LEADER, PATROLNAME) VALUES('3', '9', 'Grey', 'Gregory', 'The Mandalorians');
INSERT INTO PATROL (PATROLID, SCOUTID, PAT_LEADER, ASSIST_LEADER, PATROLNAME) VALUES('4', '3', 'Jonathan', 'Lou', 'Breakfast Club');
INSERT INTO PATROL (PATROLID, SCOUTID, PAT_LEADER, ASSIST_LEADER, PATROLNAME) VALUES('5', '4', 'Jonathan', 'Lou', 'Breakfast Club');
INSERT INTO PATROL (PATROLID, SCOUTID, PAT_LEADER, ASSIST_LEADER, PATROLNAME) VALUES('6', '5', 'Mason', 'Amelia', 'Sigma Squad');
INSERT INTO PATROL (PATROLID, SCOUTID, PAT_LEADER, ASSIST_LEADER, PATROLNAME) VALUES('7', '6', 'Mason', 'Amelia', 'Sigma Squad');
INSERT INTO PATROL (PATROLID, SCOUTID, PAT_LEADER, ASSIST_LEADER, PATROLNAME) VALUES('8', '7', 'Sarah', 'Jennifer', 'Pink Pony Club');
INSERT INTO PATROL (PATROLID, SCOUTID, PAT_LEADER, ASSIST_LEADER, PATROLNAME) VALUES('9', '8', 'Sarah', 'Jennifer', 'Pink Pony Club');
INSERT INTO PATROL (PATROLID, SCOUTID, PAT_LEADER, ASSIST_LEADER, PATROLNAME) VALUES('10', '10', 'Sarah', 'Jennifer', 'Pink Pony Club');
SET IDENTITY_INSERT PATROL OFF

CREATE TABLE PARENTS (
	PARENTID	INT IDENTITY(1,1),
	SCOUTID		INT,
	PARENT_FNAME	VARCHAR(25),
	PARENT_LNAME	VARCHAR(25),
	PARENTPHONE	VARCHAR(25),
	PARENTADDRESS 	VARCHAR(35),
	PARENTSTATE	VARCHAR(25),
	PARENTZIP 	VARCHAR(25),
	PRIMARY KEY(PARENTID),
	FOREIGN KEY(SCOUTID) REFERENCES SCOUTS(SCOUTID)
);

SET IDENTITY_INSERT PARENTS ON
INSERT INTO PARENTS (PARENTID, SCOUTID, PARENT_FNAME, PARENT_LNAME, PARENTPHONE, PARENTADDRESS, PARENTSTATE, PARENTZIP) VALUES('1', '1', 'Husnain', 'Choudhry', '703-111-1111', '4241 Montebello Place', 'Virginia', '22903');
INSERT INTO PARENTS (PARENTID, SCOUTID, PARENT_FNAME, PARENT_LNAME, PARENTPHONE, PARENTADDRESS, PARENTSTATE, PARENTZIP) VALUES('4', '2', 'Bob', 'Lee', '703-111-1111', '6859 Charlottesville Way', 'Virginia', '22903');
INSERT INTO PARENTS (PARENTID, SCOUTID, PARENT_FNAME, PARENT_LNAME, PARENTPHONE, PARENTADDRESS, PARENTSTATE, PARENTZIP) VALUES('2', '3', 'Bianca', 'Jewett', '703-222-1111', '43244 Bristow Ave', 'Virginia', '22903');
INSERT INTO PARENTS (PARENTID, SCOUTID, PARENT_FNAME, PARENT_LNAME, PARENTPHONE, PARENTADDRESS, PARENTSTATE, PARENTZIP) VALUES('3', '3', 'Brian', 'Lai', '703-222-1111', '4324 Bristow Ave', 'Virginia', '22903');
INSERT INTO PARENTS (PARENTID, SCOUTID, PARENT_FNAME, PARENT_LNAME, PARENTPHONE, PARENTADDRESS, PARENTSTATE, PARENTZIP) VALUES('5', '4', 'Bryan', 'Lie', '703-222-1111', '1234 Manassas Street', 'Virginia', '22903');
SET IDENTITY_INSERT PARENTS OFF


CREATE TABLE SCOUT_PARENT (
	PARENTID	INT IDENTITY(1,1),
	SCOUTID		INT,
	RELATIONSHIP_TYPE	VARCHAR(25),
	CONTACT_PRIORITY	INT,
	PRIMARY KEY(PARENTID, SCOUTID),
	FOREIGN KEY(PARENTID) REFERENCES PARENTS(PARENTID),
	FOREIGN KEY(SCOUTID) REFERENCES SCOUTS(SCOUTID)
);

SET IDENTITY_INSERT SCOUT_PARENT ON
INSERT INTO SCOUT_PARENT (PARENTID, SCOUTID, RELATIONSHIP_TYPE, CONTACT_PRIORITY) VALUES ('1', '1', 'DAD', '1');
INSERT INTO SCOUT_PARENT (PARENTID, SCOUTID, RELATIONSHIP_TYPE, CONTACT_PRIORITY) VALUES ('2', '2', 'DAD', '1');
INSERT INTO SCOUT_PARENT (PARENTID, SCOUTID, RELATIONSHIP_TYPE, CONTACT_PRIORITY) VALUES ('3', '3', 'MOM', '2');
INSERT INTO SCOUT_PARENT (PARENTID, SCOUTID, RELATIONSHIP_TYPE, CONTACT_PRIORITY) VALUES ('4', '3', 'DAD', '1');
INSERT INTO SCOUT_PARENT (PARENTID, SCOUTID, RELATIONSHIP_TYPE, CONTACT_PRIORITY) VALUES ('5', '4', 'DAD', '1');
SET IDENTITY_INSERT SCOUT_PARENT OFF

CREATE TABLE ADULT_VOLUNTEERS (
	ADULT_VOLID	INT IDENTITY(1,1),
	PARENTID	INT,
	AVFNAME		VARCHAR(25),
	AVLNAME		VARCHAR(25),
	AVPHONE		VARCHAR(25),
	AVADDRESS 	VARCHAR(35),
	AVSTATE		VARCHAR(25),
	AVZIP 		VARCHAR(25),
	PRIMARY KEY(ADULT_VOLID),
	FOREIGN KEY(PARENTID) REFERENCES PARENTS(PARENTID)
);

SET IDENTITY_INSERT ADULT_VOLUNTEERS ON
INSERT INTO ADULT_VOLUNTEERS (ADULT_VOLID, PARENTID, AVFNAME, AVLNAME, AVPHONE, AVADDRESS, AVSTATE, AVZIP) VALUES('1', '1', 'Husnain', 'Choudhry', '703-111-1111', 'Charlottesville, Montebello', 'Virginia', '22903');
INSERT INTO ADULT_VOLUNTEERS (ADULT_VOLID, PARENTID, AVFNAME, AVLNAME, AVPHONE, AVADDRESS, AVSTATE, AVZIP) VALUES('2', '4', 'Justin', 'Lai', '703-111-1111', '3452 Montebello Way', 'Virginia', '22903');
INSERT INTO ADULT_VOLUNTEERS (ADULT_VOLID, PARENTID, AVFNAME, AVLNAME, AVPHONE, AVADDRESS, AVSTATE, AVZIP) VALUES('3', '5', 'Duke', 'Nguyen', '703-111-1111', '8943 Montebello Street', 'Virginia', '22903');
INSERT INTO ADULT_VOLUNTEERS (ADULT_VOLID, PARENTID, AVFNAME, AVLNAME, AVPHONE, AVADDRESS, AVSTATE, AVZIP) VALUES('4', '2', 'Bianca', 'Jewett', '703-111-1111', '4324 Bristow Ave', 'Virginia', '22903');
INSERT INTO ADULT_VOLUNTEERS (ADULT_VOLID, PARENTID, AVFNAME, AVLNAME, AVPHONE, AVADDRESS, AVSTATE, AVZIP) VALUES('5', '3', 'Brian', 'Lai', '703-111-1111', '4324 Bristow Ave', 'Virginia', '22903');
SET IDENTITY_INSERT ADULT_VOLUNTEERS OFF

CREATE TABLE BADGES (
	BADGE_NAME	VARCHAR(25),
	BADGE_DESC	VARCHAR(25),
	EAGLE_REC	BIT,
	PRIMARY KEY(BADGE_NAME)
);

INSERT INTO BADGES (BADGE_NAME, BADGE_DESC, EAGLE_REC) VALUES('First Aid', 'Earning the badge', 1);
INSERT INTO BADGES (BADGE_NAME, BADGE_DESC, EAGLE_REC) VALUES('Art', 'Earning the badge', 0);
INSERT INTO BADGES (BADGE_NAME, BADGE_DESC, EAGLE_REC) VALUES('Swimming', 'Earning the badge', 1);
INSERT INTO BADGES (BADGE_NAME, BADGE_DESC, EAGLE_REC) VALUES('Healthcare Professions', 'Earning the badge', 0);
INSERT INTO BADGES (BADGE_NAME, BADGE_DESC, EAGLE_REC) VALUES('Chemistry', 'Earning the badge', 0);
INSERT INTO BADGES (BADGE_NAME, BADGE_DESC, EAGLE_REC) VALUES('Computer Programming', 'Earning the badge', 0);
INSERT INTO BADGES (BADGE_NAME, BADGE_DESC, EAGLE_REC) VALUES('Hiking', 'Earning the badge', 1);
INSERT INTO BADGES (BADGE_NAME, BADGE_DESC, EAGLE_REC) VALUES('Cooking', 'Earning the badge', 1);

CREATE TABLE MERITBADGE_COUNSELOR (
	COUNSELOR_ID	INT IDENTITY(1,1),
	ADULT_VOLID	INT,
	COUNSELOR_FNAME	VARCHAR(25),
	COUNSELOR_LNAME	VARCHAR(25),
	BADGE_NAME	VARCHAR(25),
	PRIMARY KEY(COUNSELOR_ID),
	FOREIGN KEY(ADULT_VOLID) REFERENCES ADULT_VOLUNTEERS(ADULT_VOLID),
	FOREIGN KEY(BADGE_NAME) REFERENCES BADGES(BADGE_NAME)
);

SET IDENTITY_INSERT MERITBADGE_COUNSELOR ON
INSERT INTO MERITBADGE_COUNSELOR (COUNSELOR_ID, ADULT_VOLID, COUNSELOR_FNAME, COUNSELOR_LNAME, BADGE_NAME) VALUES('1', '1', 'Husnain', 'Choudhry', 'Swimming');
INSERT INTO MERITBADGE_COUNSELOR (COUNSELOR_ID, ADULT_VOLID, COUNSELOR_FNAME, COUNSELOR_LNAME, BADGE_NAME) VALUES('2', '4', 'Bianca', 'Jewett', 'Computer Programming');
INSERT INTO MERITBADGE_COUNSELOR (COUNSELOR_ID, ADULT_VOLID, COUNSELOR_FNAME, COUNSELOR_LNAME, BADGE_NAME) VALUES('3', '4', 'Bianca', 'Jewett', 'Art');
INSERT INTO MERITBADGE_COUNSELOR (COUNSELOR_ID, ADULT_VOLID, COUNSELOR_FNAME, COUNSELOR_LNAME, BADGE_NAME) VALUES('4', '5', 'Brian', 'Lai', 'First Aid');
INSERT INTO MERITBADGE_COUNSELOR (COUNSELOR_ID, ADULT_VOLID, COUNSELOR_FNAME, COUNSELOR_LNAME, BADGE_NAME) VALUES('5', '5', 'Brian', 'Lai', 'Healthcare Professions');
SET IDENTITY_INSERT MERITBADGE_COUNSELOR OFF

CREATE TABLE COUNSELOR_BADGE (
	COUNSELOR_ID		INT IDENTITY(1,1),
	BADGE_NAME		VARCHAR(25),
    STATUS	VARCHAR(25),
	PRIMARY KEY(COUNSELOR_ID, BADGE_NAME),
	FOREIGN KEY(COUNSELOR_ID) REFERENCES MERITBADGE_COUNSELOR(COUNSELOR_ID),
	FOREIGN KEY(BADGE_NAME) REFERENCES BADGES(BADGE_NAME)
);

SET IDENTITY_INSERT COUNSELOR_BADGE ON
INSERT INTO COUNSELOR_BADGE (COUNSELOR_ID, BADGE_NAME, STATUS) VALUES('1', 'Swimming', 'Complete');
INSERT INTO COUNSELOR_BADGE (COUNSELOR_ID, BADGE_NAME, STATUS) VALUES('2', 'Computer Programming', 'Complete');
INSERT INTO COUNSELOR_BADGE (COUNSELOR_ID, BADGE_NAME, STATUS) VALUES('2', 'Art', 'Complete');
INSERT INTO COUNSELOR_BADGE (COUNSELOR_ID, BADGE_NAME, STATUS) VALUES('3', 'First Aid','Complete');
INSERT INTO COUNSELOR_BADGE (COUNSELOR_ID, BADGE_NAME, STATUS) VALUES('3', 'Healthcare Professions', 'Complete');
SET IDENTITY_INSERT COUNSELOR_BADGE OFF

CREATE TABLE MEMBERS_BADGES (
	SCOUTID		INT IDENTITY(1,1),
	BADGE_NAME	VARCHAR(25),
	COMPLETE_DATE	DATETIME,
	COMP_STATUS	VARCHAR(25),
	PRIMARY KEY(SCOUTID, BADGE_NAME),
	FOREIGN KEY(SCOUTID) REFERENCES SCOUTS(SCOUTID),
	FOREIGN KEY(BADGE_NAME) REFERENCES BADGES(BADGE_NAME),
    UNIQUE (SCOUTID, BADGE_NAME)
);

SET IDENTITY_INSERT MEMBERS_BADGES ON
INSERT INTO MEMBERS_BADGES (SCOUTID, BADGE_NAME, COMPLETE_DATE, COMP_STATUS) VALUES('1', 'Swimming', '2025-6-2', 'Complete');
INSERT INTO MEMBERS_BADGES (SCOUTID, BADGE_NAME, COMPLETE_DATE, COMP_STATUS) VALUES('2', 'Art', '2025-6-2', 'Incomplete');
INSERT INTO MEMBERS_BADGES (SCOUTID, BADGE_NAME, COMPLETE_DATE, COMP_STATUS) VALUES('3', 'Swimming', '2025-6-2', 'In-progress');
INSERT INTO MEMBERS_BADGES (SCOUTID, BADGE_NAME, COMPLETE_DATE, COMP_STATUS) VALUES('1', 'First Aid', '2025-6-2', 'Complete');
INSERT INTO MEMBERS_BADGES (SCOUTID, BADGE_NAME, COMPLETE_DATE, COMP_STATUS) VALUES('4', 'Art', '2025-6-2', 'Complete');
SET IDENTITY_INSERT MEMBERS_BADGES OFF

CREATE TABLE AWARDS (
	AWARDID		INT IDENTITY(1,1),
	AWARD_NAME	VARCHAR(100),
	PRIMARY KEY(AWARDID)
);

SET IDENTITY_INSERT AWARDS ON
INSERT INTO AWARDS (AWARDID, AWARD_NAME) VALUES('1', '50-Miler Award');
INSERT INTO AWARDS (AWARDID, AWARD_NAME) VALUES('2', 'Asian American Spirit of Scouting Service Award');
INSERT INTO AWARDS (AWARDID, AWARD_NAME) VALUES('3', 'Alumni Award');
INSERT INTO AWARDS (AWARDID, AWARD_NAME) VALUES('4', 'Boardsailing BSA Award');
INSERT INTO AWARDS (AWARDID, AWARD_NAME) VALUES('5', 'BSA Council Alumnus of the Year Award');
INSERT INTO AWARDS (AWARDID, AWARD_NAME) VALUES('6', 'BSA Lifeguard Award');
INSERT INTO AWARDS (AWARDID, AWARD_NAME) VALUES('7', 'BSA Stand up Paddle Boarding Award');
INSERT INTO AWARDS (AWARDID, AWARD_NAME) VALUES('8', 'BSA Distinguished Conservation Service Award');
INSERT INTO AWARDS (AWARDID, AWARD_NAME) VALUES('9', 'Commissioner Awards and Recognitions');
INSERT INTO AWARDS (AWARDID, AWARD_NAME) VALUES('10', 'Community Organization Award');
INSERT INTO AWARDS (AWARDID, AWARD_NAME) VALUES('11', 'Conservation Good Turn Award');
INSERT INTO AWARDS (AWARDID, AWARD_NAME) VALUES('12', 'Complete Angler');
INSERT INTO AWARDS (AWARDID, AWARD_NAME) VALUES('13', 'Council Duty to God Award');
INSERT INTO AWARDS (AWARDID, AWARD_NAME) VALUES('14', 'Cub Scout Leader Recognition Awards');
INSERT INTO AWARDS (AWARDID, AWARD_NAME) VALUES('15', 'Cub Scout Outdoor Activity Award');
INSERT INTO AWARDS (AWARDID, AWARD_NAME) VALUES('16', 'Den Chief Service Award');
INSERT INTO AWARDS (AWARDID, AWARD_NAME) VALUES('17', 'Den Leader Training Awards');
INSERT INTO AWARDS (AWARDID, AWARD_NAME) VALUES('18', 'Distinguished Conservation Service Award');
INSERT INTO AWARDS (AWARDID, AWARD_NAME) VALUES('19', 'Distinguished Eagle Scout Award');
INSERT INTO AWARDS (AWARDID, AWARD_NAME) VALUES('20', 'District Award of Merit');
INSERT INTO AWARDS (AWARDID, AWARD_NAME) VALUES('21', 'Elbert K.Fretwell Outstanding Educator Award');
INSERT INTO AWARDS (AWARDID, AWARD_NAME) VALUES('22', 'Endowment Achievement Award');
INSERT INTO AWARDS (AWARDID, AWARD_NAME) VALUES('23', 'Firem’n Chit Award');
INSERT INTO AWARDS (AWARDID, AWARD_NAME) VALUES('24', 'Founders Bar Award');
INSERT INTO AWARDS (AWARDID, AWARD_NAME) VALUES('25', 'Frank L. Weil Memorial Quality Jewish Committee Award');
INSERT INTO AWARDS (AWARDID, AWARD_NAME) VALUES('26', 'Frank L. Weil Memorial Unit Recognition Award');
INSERT INTO AWARDS (AWARDID, AWARD_NAME) VALUES('27', 'George Meany Award');
INSERT INTO AWARDS (AWARDID, AWARD_NAME) VALUES('28', 'Glenn A. and Melinda W. Adams National Eagle Scout Service Project of the Year Award');
INSERT INTO AWARDS (AWARDID, AWARD_NAME) VALUES('29', 'Historic Trails Award');
INSERT INTO AWARDS (AWARDID, AWARD_NAME) VALUES('30', 'International Scouter’s Award');
INSERT INTO AWARDS (AWARDID, AWARD_NAME) VALUES('31', 'International Spirit Award');
INSERT INTO AWARDS (AWARDID, AWARD_NAME) VALUES('32', 'Interpreter Strip Award');
INSERT INTO AWARDS (AWARDID, AWARD_NAME) VALUES('33', 'James E. West Fellowship');
INSERT INTO AWARDS (AWARDID, AWARD_NAME) VALUES('34', 'Journey to Excellence');
INSERT INTO AWARDS (AWARDID, AWARD_NAME) VALUES('35', 'Kayaking BSA Award');
INSERT INTO AWARDS (AWARDID, AWARD_NAME) VALUES('36', 'Keep America Beautiful Hometown USA Award');
INSERT INTO AWARDS (AWARDID, AWARD_NAME) VALUES('37', 'Lifesaving and Meritorious Action Award');
INSERT INTO AWARDS (AWARDID, AWARD_NAME) VALUES('38', 'Long Cruise Award');
INSERT INTO AWARDS (AWARDID, AWARD_NAME) VALUES('39', 'Memorial Gold Star Award');
INSERT INTO AWARDS (AWARDID, AWARD_NAME) VALUES('40', 'Messengers of Peace Award');
INSERT INTO AWARDS (AWARDID, AWARD_NAME) VALUES('41', 'Mile Swim BSA Award');
INSERT INTO AWARDS (AWARDID, AWARD_NAME) VALUES('42', 'National Duty to God Award');
INSERT INTO AWARDS (AWARDID, AWARD_NAME) VALUES('43', 'National Honor Patrol Award');
INSERT INTO AWARDS (AWARDID, AWARD_NAME) VALUES('44', 'National Major Gift Award');
INSERT INTO AWARDS (AWARDID, AWARD_NAME) VALUES('45', 'National Medal for Outdoor Achievement');
INSERT INTO AWARDS (AWARDID, AWARD_NAME) VALUES('46', 'National Outdoor Challenge Unit Award');
INSERT INTO AWARDS (AWARDID, AWARD_NAME) VALUES('47', 'National Summertime Pack Award');
INSERT INTO AWARDS (AWARDID, AWARD_NAME) VALUES('48', 'NESA Life Membership Award');
INSERT INTO AWARDS (AWARDID, AWARD_NAME) VALUES('49', 'NESA Outstanding Eagle Scout Award');
INSERT INTO AWARDS (AWARDID, AWARD_NAME) VALUES('50', 'North Star Award');
INSERT INTO AWARDS (AWARDID, AWARD_NAME) VALUES('51', 'Nova Awards Program');
INSERT INTO AWARDS (AWARDID, AWARD_NAME) VALUES('52', 'Order of the Arrow—Distinguished Service Award');
INSERT INTO AWARDS (AWARDID, AWARD_NAME) VALUES('53', 'Order of the Arrow—Founder’s Award');
INSERT INTO AWARDS (AWARDID, AWARD_NAME) VALUES('54', 'Order of the Arrow—Red Arrow Award');
INSERT INTO AWARDS (AWARDID, AWARD_NAME) VALUES('55', 'Order of the Arrow—Vigil Honor');
INSERT INTO AWARDS (AWARDID, AWARD_NAME) VALUES('56', 'Outdoor Ethics Awareness and Action Award');
INSERT INTO AWARDS (AWARDID, AWARD_NAME) VALUES('57', 'Paul Bunyan Award');
INSERT INTO AWARDS (AWARDID, AWARD_NAME) VALUES('58', 'Philmont Training Center Masters Track Award');
INSERT INTO AWARDS (AWARDID, AWARD_NAME) VALUES('59', 'Presidents Leadership Council');
INSERT INTO AWARDS (AWARDID, AWARD_NAME) VALUES('60', 'Professional Circle Award');
INSERT INTO AWARDS (AWARDID, AWARD_NAME) VALUES('61', 'Professional Fellowship Honor');
INSERT INTO AWARDS (AWARDID, AWARD_NAME) VALUES('62', 'Recruiter Strip Award');
INSERT INTO AWARDS (AWARDID, AWARD_NAME) VALUES('63', 'Religious Emblems Awards Program');
INSERT INTO AWARDS (AWARDID, AWARD_NAME) VALUES('64', 'iScouting…Vale la Pena! Service Award');
INSERT INTO AWARDS (AWARDID, AWARD_NAME) VALUES('65', 'Scholarships');
INSERT INTO AWARDS (AWARDID, AWARD_NAME) VALUES('66', 'Scouter’s Key Award');
INSERT INTO AWARDS (AWARDID, AWARD_NAME) VALUES('67', 'Scouter’s Training Award');
INSERT INTO AWARDS (AWARDID, AWARD_NAME) VALUES('68', 'Scuba BSA Award');
INSERT INTO AWARDS (AWARDID, AWARD_NAME) VALUES('69', 'Sea Scout Leadership Award');
INSERT INTO AWARDS (AWARDID, AWARD_NAME) VALUES('70', 'Second Century Society');
INSERT INTO AWARDS (AWARDID, AWARD_NAME) VALUES('71', 'Service Stars Award');
INSERT INTO AWARDS (AWARDID, AWARD_NAME) VALUES('72', 'Silver Antelope Award');
INSERT INTO AWARDS (AWARDID, AWARD_NAME) VALUES('73', 'Silver Beaver Award');
INSERT INTO AWARDS (AWARDID, AWARD_NAME) VALUES('74', 'Silver Buffalo Award');
INSERT INTO AWARDS (AWARDID, AWARD_NAME) VALUES('75', 'Skipper’s Key Award');
INSERT INTO AWARDS (AWARDID, AWARD_NAME) VALUES('76', 'Snorkeling BSA Award');
INSERT INTO AWARDS (AWARDID, AWARD_NAME) VALUES('77', 'Special Needs Scouting Service Award');
INSERT INTO AWARDS (AWARDID, AWARD_NAME) VALUES('78', 'Spirit of the Eagle Award');
INSERT INTO AWARDS (AWARDID, AWARD_NAME) VALUES('79', 'Totin’ Chip Award');
INSERT INTO AWARDS (AWARDID, AWARD_NAME) VALUES('80', 'Torch of Gold Award');
INSERT INTO AWARDS (AWARDID, AWARD_NAME) VALUES('81', 'Trained Strip');
INSERT INTO AWARDS (AWARDID, AWARD_NAME) VALUES('82', 'Unit Leader Award of Merit');
INSERT INTO AWARDS (AWARDID, AWARD_NAME) VALUES('83', 'Venturing Leadership Award');
INSERT INTO AWARDS (AWARDID, AWARD_NAME) VALUES('84', 'Venturing Shooting Sports Outstanding Achievement Award');
INSERT INTO AWARDS (AWARDID, AWARD_NAME) VALUES('85', 'Veteran Award');
INSERT INTO AWARDS (AWARDID, AWARD_NAME) VALUES('86', 'Veteran Unit Award');
INSERT INTO AWARDS (AWARDID, AWARD_NAME) VALUES('87', 'W.P. Society Award');
INSERT INTO AWARDS (AWARDID, AWARD_NAME) VALUES('88', 'Whitewater Rafting BSA Award');
INSERT INTO AWARDS (AWARDID, AWARD_NAME) VALUES('89', 'Whitney M. Young Jr. Service Award');
INSERT INTO AWARDS (AWARDID, AWARD_NAME) VALUES('90', 'Whittling Chip Award');
INSERT INTO AWARDS (AWARDID, AWARD_NAME) VALUES('91', 'William D. Boyce New-Unit Organizer Award');
INSERT INTO AWARDS (AWARDID, AWARD_NAME) VALUES('92', 'Winthrop Rockefeller Award');
INSERT INTO AWARDS (AWARDID, AWARD_NAME) VALUES('93', 'World Conservation Award');
INSERT INTO AWARDS (AWARDID, AWARD_NAME) VALUES('94', 'Woods Services Award');
SET IDENTITY_INSERT AWARDS OFF

CREATE TABLE MEMBER_AWARDS (
	SCOUTID		INT IDENTITY(1,1),
	AWARDID		INT,
	DATE_EARNED	DATETIME,
	PRIMARY KEY(SCOUTID, AWARDID),
	FOREIGN KEY(SCOUTID) REFERENCES SCOUTS(SCOUTID),
	FOREIGN KEY(AWARDID) REFERENCES AWARDS(AWARDID)
);

SET IDENTITY_INSERT MEMBER_AWARDS ON
INSERT INTO MEMBER_AWARDS (SCOUTID, AWARDID, DATE_EARNED) VALUES('1', '1', '2025-6-2');
INSERT INTO MEMBER_AWARDS (SCOUTID, AWARDID, DATE_EARNED) VALUES('2', '2', '2025-6-2');
INSERT INTO MEMBER_AWARDS (SCOUTID, AWARDID, DATE_EARNED) VALUES('3', '3', '2025-6-2');
INSERT INTO MEMBER_AWARDS (SCOUTID, AWARDID, DATE_EARNED) VALUES('4', '1', '2025-6-2');
INSERT INTO MEMBER_AWARDS (SCOUTID, AWARDID, DATE_EARNED) VALUES('4', '7', '2025-6-2');
INSERT INTO MEMBER_AWARDS (SCOUTID, AWARDID, DATE_EARNED) VALUES('2', '10', '2025-6-2');
INSERT INTO MEMBER_AWARDS (SCOUTID, AWARDID, DATE_EARNED) VALUES('1', '8', '2025-6-2');
SET IDENTITY_INSERT MEMBER_AWARDS OFF